Index,m/z,Ret. Time,HMDB ID
0,96.95202,0.654,OSI00261
1,121.04066,1.112,OSI00360
2,144.04543,7.903,OSI01349
3,145.06194,0.772,OSI00850
4,178.05107,3.661,OSI00623
5,187.1088,1.048,OSI00330
6,190.05435,2.863,OSI00386
7,246.01717,1.022,OSI00219
8,288.12006,0.854,OSI00312
9,553.27789,10.509,OSI00538
